sequence,frame,box_kind,iou,silhouette_complexity,convex_hull_ratio,texture_entropy,color_entropy,edge_density,fg_bg_contrast
Basketball,1,gt,1.0000,15.9127,1.0334,3.9852,5.2137,0.1812,0.9320
Basketball,16,pred,0.5895,NaN,NaN,4.2340,5.3107,0.2016,NaN
Basketball,31,pred,0.6548,17.4377,1.0168,3.7112,5.4228,0.0975,0.9378
Basketball,46,pred,0.6959,NaN,NaN,4.1448,5.5349,0.1530,NaN
Basketball,61,pred,0.6076,NaN,NaN,4.1163,5.6410,0.1620,NaN
Basketball,76,pred,0.6201,NaN,NaN,4.0297,5.4739,0.1519,NaN
Basketball,91,pred,0.8451,NaN,NaN,4.1356,5.1820,0.1566,NaN
Basketball,106,pred,0.9146,NaN,NaN,4.3382,5.4709,0.1918,NaN
Basketball,121,pred,0.8895,19.4776,1.2165,3.8961,5.1329,0.1437,NaN
Basketball,136,pred,0.7593,27.0056,0.8871,3.9272,5.1413,0.1417,0.7389
Basketball,151,pred,0.8895,14.5249,1.0402,4.1201,5.5085,0.1715,0.5934
Basketball,166,pred,0.6785,12.0546,1.2509,3.8372,5.6656,0.1306,0.7277
Basketball,181,pred,0.6492,23.3713,0.8967,3.8385,5.5819,0.1240,0.7439
Basketball,196,pred,0.6785,30.2521,0.8112,4.1212,5.1247,0.1592,0.5827
Basketball,211,pred,0.6785,NaN,NaN,3.9768,4.8837,0.1498,NaN
Basketball,226,pred,0.5720,28.8581,0.8980,3.9699,4.2103,0.1308,0.6196
Basketball,241,pred,0.5961,26.8048,0.8718,3.7772,4.6595,0.1333,0.7191
Basketball,256,pred,0.5961,22.7703,0.9202,3.8518,4.8945,0.1333,0.6706
Basketball,271,pred,0.5961,25.7095,0.8958,3.8701,4.9163,0.1422,0.8001
Basketball,286,pred,0.5961,NaN,NaN,4.2018,5.4597,0.1816,NaN
Basketball,301,pred,0.4845,24.3998,0.9237,3.8803,5.0571,0.1481,0.7200
Basketball,316,pred,0.5279,26.9470,0.9511,3.3274,4.5872,0.0910,0.7106
Basketball,331,pred,0.5279,20.9119,0.9431,3.9776,5.3094,0.1357,0.7122
Basketball,346,pred,0.5279,20.1569,0.9491,3.8677,5.3426,0.1434,0.7240
Basketball,361,pred,0.4668,24.5310,0.9383,3.8503,5.2280,0.1402,0.6695
Basketball,376,pred,0.4668,NaN,NaN,3.8971,5.3085,0.1295,NaN
Basketball,391,pred,0.5077,NaN,NaN,3.8885,5.1905,0.1302,NaN
Basketball,406,pred,0.5077,NaN,NaN,3.9592,5.3561,0.1484,NaN
Basketball,421,pred,0.4845,23.4918,0.9348,4.0377,5.5035,0.1467,0.7398
Basketball,436,pred,0.4668,25.2838,0.9015,3.9567,5.2288,0.1346,0.7365
Basketball,451,pred,0.4845,22.4425,0.9572,3.9217,5.4379,0.1451,0.7453
Basketball,466,pred,0.5720,NaN,NaN,3.8833,5.6277,0.1601,NaN
Basketball,481,pred,0.5720,NaN,NaN,4.1096,5.5242,0.1626,NaN
Basketball,496,pred,0.6183,19.5648,1.4091,3.8563,5.0891,0.1322,NaN
Basketball,511,pred,0.6488,5.4556,2.9939,3.7776,5.3937,0.1323,0.9564
Basketball,526,pred,0.6587,22.4557,0.9098,3.9485,5.0944,0.1707,0.7477
Basketball,541,pred,0.6587,31.9104,0.8186,4.0410,4.7401,0.1310,0.6205
Basketball,556,pred,0.6218,17.9291,0.9769,3.7081,4.6928,0.1260,0.8669
Basketball,571,pred,0.6218,26.1129,0.8940,3.8478,5.1736,0.1436,0.6684
Basketball,586,pred,0.5720,NaN,NaN,3.8417,4.9679,0.1321,NaN
Basketball,601,pred,0.5961,22.7308,0.9314,3.9091,4.9390,0.1509,0.7749
Basketball,616,pred,0.6492,21.7574,0.9290,3.7838,4.5812,0.1318,0.7097
Basketball,631,pred,0.6183,16.7329,1.0016,4.0494,5.0155,0.1424,0.7954
Basketball,646,pred,0.5927,NaN,NaN,3.8939,4.5364,0.1251,NaN
Basketball,661,pred,0.6218,NaN,NaN,4.1742,6.0803,0.1836,NaN
Basketball,676,pred,0.5961,20.3601,0.9786,3.9547,5.1460,0.1621,0.6885
Basketball,691,pred,0.6218,NaN,NaN,4.0025,5.3349,0.1680,NaN
Basketball,706,pred,0.6785,14.4732,1.0517,3.8754,5.0123,0.1624,0.7965
Basketball,721,pred,0.7209,14.3665,1.1503,4.3935,5.7418,0.1891,NaN
Biker,1,gt,1.0000,NaN,NaN,4.6292,5.8363,0.3029,NaN
Biker,16,pred,0.7550,NaN,NaN,4.5972,6.0816,0.2716,NaN
Biker,31,pred,0.5111,NaN,NaN,4.6143,5.9140,0.2404,NaN
Biker,46,pred,0.3636,NaN,NaN,4.2472,5.5680,0.1611,NaN
Biker,61,pred,0.2989,NaN,NaN,4.3270,5.6021,0.1442,NaN
Biker,76,pred,0.0000,NaN,NaN,4.0494,4.0832,0.1786,NaN
Biker,91,pred,0.0000,NaN,NaN,4.5641,3.6761,0.1161,NaN
Biker,106,pred,0.0000,NaN,NaN,4.5269,3.9181,0.1429,NaN
Biker,121,pred,0.0000,NaN,NaN,4.5441,4.0842,0.1250,NaN
Biker,136,pred,0.0000,NaN,NaN,4.2809,4.1459,0.1667,NaN
Bird2,1,gt,1.0000,42.4155,0.8090,2.9537,4.1404,0.1380,0.5551
Bird2,16,pred,0.8080,31.0808,0.8651,3.0173,4.3212,0.1222,0.6841
Bird2,31,pred,0.8485,25.0843,0.8835,2.8857,4.1458,0.1144,0.5851
Bird2,46,pred,0.7062,25.5972,0.9267,2.8671,4.4004,0.0923,0.6503
Bird2,61,pred,0.3109,42.7084,0.7931,2.8128,4.5971,0.1236,0.5450
Bird2,76,pred,0.3328,48.5226,0.7104,2.4433,3.9407,0.0846,0.6520
Bird2,91,pred,0.3505,NaN,NaN,2.7950,4.4021,0.1046,NaN
BlurBody,1,gt,1.0000,39.0933,0.8644,2.2057,5.0828,0.0629,0.7124
BlurBody,16,pred,0.9047,30.2153,0.9131,2.2887,4.9402,0.0235,0.7620
BlurBody,31,pred,0.7346,29.5367,0.8819,1.8900,4.8765,0.0448,0.6815
BlurBody,46,pred,0.7434,38.3045,0.7800,1.7584,4.7977,0.0251,0.7324
BlurBody,61,pred,0.6736,29.5983,0.9016,1.9519,4.6266,0.0302,0.5846
BlurBody,76,pred,0.7200,34.4305,0.8947,2.3484,4.2801,0.0558,0.6626
BlurBody,91,pred,0.6928,51.6588,0.7594,2.2029,4.9280,0.0169,0.7026
BlurBody,106,pred,0.7196,13.7066,1.3867,2.3543,4.7062,0.0091,0.6147
BlurBody,121,pred,0.5154,27.8303,0.8995,2.7211,4.6949,0.0743,0.5089
BlurBody,136,pred,0.7294,15.3587,1.2901,2.3516,4.9217,0.0630,0.7590
BlurBody,151,pred,0.8266,14.4336,1.1416,2.3394,5.0796,0.0294,0.5683
BlurBody,166,pred,0.8101,15.4864,1.0949,2.5176,5.0183,0.0164,0.6516
BlurBody,181,pred,0.6718,33.1860,0.9031,2.8094,4.6618,0.0718,0.5903
BlurBody,196,pred,0.5932,16.1546,1.0128,2.3908,4.8089,0.0384,NaN
BlurBody,211,pred,0.6744,19.3694,0.9532,2.5601,4.9234,0.0456,0.5735
BlurBody,226,pred,0.6116,21.5898,0.9593,2.4564,4.6832,0.0243,0.6650
BlurBody,241,pred,0.7005,19.4981,0.9413,2.5966,4.4819,0.0298,0.6298
BlurBody,256,pred,0.6067,17.0740,0.9738,2.2504,4.6100,0.0090,0.6145
BlurBody,271,pred,0.5868,18.8709,0.9343,2.3846,4.8260,0.0039,0.5200
BlurBody,286,pred,0.6062,28.9214,0.9431,2.1760,4.7019,0.0385,0.7904
BlurBody,301,pred,0.5201,30.7289,0.8513,2.4287,4.4506,0.0015,0.5564
BlurBody,316,pred,0.7308,21.5385,0.9007,2.3252,4.7717,0.0195,0.8334
BlurBody,331,pred,0.5217,18.3460,0.9456,2.3285,4.5460,0.0209,0.8373
BlurCar2,1,gt,1.0000,18.3266,0.9967,3.8006,3.7015,0.1492,0.3776
BlurCar2,16,pred,0.9099,9.6349,2.2721,3.8134,3.7021,0.1229,NaN
BlurCar2,31,pred,0.9536,10.8456,2.3529,3.4894,3.8127,0.1267,NaN
BlurCar2,46,pred,0.9096,18.2561,0.9562,3.6698,3.5700,0.0732,0.3902
BlurCar2,61,pred,0.9545,8.1512,2.2445,3.6099,3.5508,0.0872,NaN
BlurCar2,76,pred,0.8999,18.5231,0.9923,3.6845,3.4802,0.1110,0.3880
BlurCar2,91,pred,0.8386,18.8917,0.9910,3.5407,3.6207,0.1282,0.3992
BlurCar2,106,pred,0.9002,18.3060,0.9923,3.6153,3.6193,0.1168,0.4291
BlurCar2,121,pred,0.8145,20.0188,0.9591,3.6506,3.7471,0.1165,0.4787
BlurCar2,136,pred,0.7711,21.4015,0.9610,3.6572,3.6503,0.1044,0.4203
BlurCar2,151,pred,0.8416,21.8844,0.9486,3.5784,3.7214,0.1176,0.4245
BlurCar2,166,pred,0.8748,22.1129,0.9807,3.1345,3.4987,0.0549,0.4803
BlurCar2,181,pred,0.9117,19.7048,0.9727,3.7848,3.6794,0.1031,0.4161
BlurCar2,196,pred,0.9163,19.6585,0.9684,3.7147,3.7903,0.1221,0.5220
BlurCar2,211,pred,0.8594,18.0206,0.9976,3.7750,3.7395,0.1085,0.4337
BlurCar2,226,pred,0.8526,18.5333,0.9777,3.9168,3.7862,0.1273,0.4474
BlurCar2,241,pred,0.8527,18.2076,1.0079,3.7979,3.8714,0.1150,0.4147
BlurCar2,256,pred,0.9215,21.3082,0.9620,3.6950,3.7002,0.1196,0.4887
BlurCar2,271,pred,0.9220,18.9783,1.0037,3.2676,3.5983,0.0755,0.4554
BlurCar2,286,pred,0.9169,13.8513,2.4000,3.1897,3.5180,0.0663,NaN
BlurCar2,301,pred,0.7799,17.9477,0.9857,3.9829,4.0401,0.1504,0.4682
BlurCar2,316,pred,0.8493,45.8335,1.3476,3.9111,3.7725,0.1367,NaN
BlurCar2,331,pred,0.9115,9.0581,1.8733,3.3137,3.6806,0.0835,NaN
BlurCar2,346,pred,0.8222,NaN,NaN,3.9157,3.8757,0.1405,NaN
BlurCar2,361,pred,0.8711,17.2047,0.9961,4.0447,3.8477,0.1476,0.5502
BlurCar2,376,pred,0.8619,8.3967,2.0519,4.0343,3.7402,0.1468,0.7934
BlurCar2,391,pred,0.7995,7.8312,2.1962,3.3868,3.7048,0.0763,0.9670
BlurCar2,406,pred,0.7980,8.4251,2.1263,4.1767,4.1279,0.1556,NaN
BlurCar2,421,pred,0.8772,8.8619,2.1237,4.0491,4.2542,0.1447,0.9194
BlurCar2,436,pred,0.8586,19.6354,0.9873,3.6891,4.0782,0.1413,0.4782
BlurCar2,451,pred,0.8539,7.8823,2.1526,3.7916,3.9211,0.1285,NaN
BlurCar2,466,pred,0.8612,NaN,NaN,3.7568,4.1050,0.1467,NaN
BlurCar2,481,pred,0.8670,20.3407,1.0801,3.1387,3.8613,0.0834,NaN
BlurCar2,496,pred,0.9309,19.4209,1.0845,3.6222,3.9159,0.0997,NaN
BlurCar2,511,pred,0.8499,NaN,NaN,3.7902,3.8552,0.0926,NaN
BlurCar2,526,pred,0.8614,18.6972,0.9843,3.6353,4.0193,0.1125,0.4651
BlurCar2,541,pred,0.8862,19.3126,0.9630,3.4184,3.8252,0.0959,0.3714
BlurCar2,556,pred,0.7003,18.9459,0.9466,3.4671,3.7854,0.1093,0.3753
BlurCar2,571,pred,0.7279,25.8110,1.1689,3.0353,3.5925,0.0455,0.5921
BlurFace,1,gt,1.0000,24.8113,1.5789,3.1267,3.3470,0.0925,NaN
BlurFace,16,pred,0.8729,37.4444,1.5000,3.0410,3.2961,0.0937,NaN
BlurFace,31,pred,0.8825,37.8086,1.5065,2.9548,3.2466,0.0665,NaN
BlurFace,46,pred,0.8356,27.0967,2.4595,3.0144,2.8080,0.0576,NaN
BlurFace,61,pred,0.8036,9.8707,2.5455,2.9020,2.6824,0.0665,NaN
BlurFace,76,pred,0.7888,60.6848,1.2727,2.6992,2.2576,0.0124,NaN
BlurFace,91,pred,0.7756,18.5029,2.1947,2.9017,2.7422,0.0705,NaN
BlurFace,106,pred,0.8128,24.2879,1.4386,2.8691,2.5845,0.0503,NaN
BlurFace,121,pred,0.7875,20.9384,1.4286,3.1734,2.3990,0.0344,NaN
BlurFace,136,pred,0.7207,NaN,NaN,3.7535,2.1739,0.0036,NaN
BlurFace,151,pred,0.7872,11.3844,1.3220,3.0703,2.3250,0.0144,NaN
BlurFace,166,pred,0.7791,NaN,NaN,3.5428,2.1289,0.0037,NaN
BlurFace,181,pred,0.7756,25.5136,1.2444,2.9314,2.8786,0.0759,NaN
BlurFace,196,pred,0.7169,25.4385,2.0952,2.9586,2.7320,0.0594,NaN
BlurFace,211,pred,0.8012,25.9996,1.1220,3.0603,2.7604,0.0527,NaN
BlurFace,226,pred,0.7713,NaN,NaN,3.0229,2.6770,0.0372,NaN
BlurFace,241,pred,0.7339,NaN,NaN,2.6042,2.2197,0.0096,NaN
BlurFace,256,pred,0.7353,18.1935,2.3922,2.9440,2.5911,0.0382,NaN
BlurFace,271,pred,0.8070,NaN,NaN,3.1966,2.4081,0.0237,NaN
BlurFace,286,pred,0.7539,NaN,NaN,2.4330,2.3621,0.0188,NaN
BlurFace,301,pred,0.7995,27.1432,1.0923,3.1492,2.5973,0.0408,NaN
BlurFace,316,pred,0.7508,25.1766,2.2333,3.2536,2.5099,0.0362,NaN
BlurFace,331,pred,0.7131,24.1534,1.0751,3.3240,2.0732,0.0000,NaN
BlurFace,346,pred,0.7530,20.1894,0.9030,3.6375,2.2984,0.0000,NaN
BlurFace,361,pred,0.7359,7.7712,3.0000,3.5478,2.4884,0.0233,NaN
BlurFace,376,pred,0.7343,NaN,NaN,2.4442,2.4379,0.0155,NaN
BlurFace,391,pred,0.7502,38.6386,1.6154,2.6145,2.4569,0.0236,NaN
BlurFace,406,pred,0.7027,15.4835,2.7931,2.9453,2.8862,0.0883,NaN
BlurFace,421,pred,0.7318,22.4926,1.5610,2.9332,2.4563,0.0280,NaN
BlurFace,436,pred,0.7411,0.0000,NaN,3.1027,2.7544,0.0398,NaN
BlurFace,451,pred,0.6525,15.5996,1.3651,3.1071,2.7985,0.0499,NaN
BlurFace,466,pred,0.6835,13.7381,1.2840,2.9709,2.6567,0.0424,NaN
BlurFace,481,pred,0.5954,12.1426,1.2973,3.0113,2.6819,0.0512,NaN
BlurOwl,1,gt,1.0000,32.0063,0.8341,3.9453,6.0435,0.1455,0.7226
BlurOwl,16,pred,0.9374,32.2555,0.8409,3.8474,6.0395,0.1462,0.7291
BlurOwl,31,pred,0.9366,29.1977,0.8103,3.6421,5.9305,0.0632,0.7102
BlurOwl,46,pred,0.7303,20.5774,0.9404,4.2095,4.8182,0.0000,0.5676
BlurOwl,61,pred,0.8163,26.2825,0.8010,3.4802,5.3537,0.0496,0.6865
BlurOwl,76,pred,0.4889,NaN,NaN,4.1437,4.6722,0.0000,NaN
BlurOwl,91,pred,0.6178,NaN,NaN,3.5654,4.3398,0.0000,NaN
BlurOwl,106,pred,0.6065,NaN,NaN,3.5214,5.0566,0.0258,NaN
BlurOwl,121,pred,0.7294,15.9526,0.9745,3.1662,5.1813,0.0291,0.6532
BlurOwl,136,pred,0.7315,25.2788,0.8541,3.5934,6.0435,0.0878,0.6472
BlurOwl,151,pred,0.7639,NaN,NaN,3.3629,5.4651,0.0221,NaN
BlurOwl,166,pred,0.8308,NaN,NaN,3.6519,5.2863,0.0039,NaN
BlurOwl,181,pred,0.7778,26.7119,0.8635,3.7146,6.0630,0.0855,0.6279
BlurOwl,196,pred,0.7372,16.4960,0.9645,3.3680,5.7901,0.0755,0.6457
BlurOwl,211,pred,0.7388,NaN,NaN,3.6722,5.5443,0.0322,NaN
BlurOwl,226,pred,0.7618,22.2991,0.9009,3.4627,5.2196,0.0424,0.5811
BlurOwl,241,pred,0.9035,20.3921,0.9329,3.8839,5.4605,0.0614,0.5828
BlurOwl,256,pred,0.7367,20.0224,0.9526,3.5925,5.3908,0.0386,0.6628
BlurOwl,271,pred,0.7723,16.8881,0.9685,3.5205,5.1322,0.0142,0.7046
BlurOwl,286,pred,0.8067,19.3434,0.9491,3.7280,4.6608,0.0000,0.6048
BlurOwl,301,pred,0.7452,15.6897,0.9972,4.1408,5.0100,0.0000,0.6651
BlurOwl,316,pred,0.6566,20.6499,0.9356,3.3820,5.4407,0.0349,0.7582
BlurOwl,331,pred,0.7674,19.0780,0.9188,3.4053,5.0954,0.0075,0.6269
BlurOwl,346,pred,0.7658,NaN,NaN,3.7331,5.3919,0.0000,NaN
BlurOwl,361,pred,0.8093,25.8507,0.8534,3.8004,6.0172,0.0998,0.6487
BlurOwl,376,pred,0.7077,17.0732,0.9816,3.5936,5.1209,0.0040,0.8815
BlurOwl,391,pred,0.5049,NaN,NaN,3.7792,4.5689,0.0000,NaN
BlurOwl,406,pred,0.7358,NaN,NaN,3.4126,5.2755,0.0281,NaN
BlurOwl,421,pred,0.7279,23.5768,0.8483,4.1061,5.7885,0.0556,0.6001
BlurOwl,436,pred,0.4827,NaN,NaN,3.0660,4.9501,0.0106,NaN
BlurOwl,451,pred,0.5812,16.4366,0.9685,3.3846,5.4732,0.0082,0.5491
BlurOwl,466,pred,0.6040,21.1248,0.9590,3.8110,5.4724,0.0234,0.5218
BlurOwl,481,pred,0.7305,22.2785,0.8764,3.6906,5.7093,0.0286,0.6493
BlurOwl,496,pred,0.7087,18.2433,0.9436,3.7323,5.9295,0.1239,0.7382
BlurOwl,511,pred,0.7229,19.7393,0.9495,3.8807,5.3006,0.0280,0.5898
BlurOwl,526,pred,0.7162,21.3216,0.9221,3.6625,5.4269,0.0476,0.6193
BlurOwl,541,pred,0.6505,19.0297,0.9513,3.7577,4.6494,0.0000,0.5566
BlurOwl,556,pred,0.5893,23.4475,0.9271,3.7648,5.1362,0.0323,0.5065
BlurOwl,571,pred,0.6051,19.9707,0.9091,3.4868,5.6915,0.0537,0.5662
BlurOwl,586,pred,0.6777,NaN,NaN,3.6541,5.9461,0.1226,NaN
BlurOwl,601,pred,0.7494,NaN,NaN,3.6706,6.0912,0.0943,NaN
BlurOwl,616,pred,0.7700,21.5919,0.8622,3.8104,5.9314,0.0741,0.6838
BlurOwl,631,pred,0.7391,27.1645,0.8609,3.8198,6.0876,0.1650,0.5810
Bolt,1,gt,1.0000,NaN,NaN,3.5425,6.2845,0.2440,NaN
Bolt,16,pred,0.7213,NaN,NaN,3.6415,6.5904,0.2692,NaN
Bolt,31,pred,0.5078,NaN,NaN,3.6309,6.0572,0.1551,NaN
Bolt,46,pred,0.7598,NaN,NaN,3.8969,6.6292,0.2686,NaN
Bolt,61,pred,0.6542,NaN,NaN,3.6787,6.3560,0.2308,NaN
Bolt,76,pred,0.7188,NaN,NaN,3.7955,6.6031,0.2773,NaN
Bolt,91,pred,0.5714,NaN,NaN,3.8849,6.5898,0.2231,NaN
Bolt,106,pred,0.6375,NaN,NaN,3.8531,6.7832,0.2650,NaN
Bolt,121,pred,0.7433,NaN,NaN,3.9317,6.5906,0.2674,NaN
Bolt,136,pred,0.5370,NaN,NaN,3.7358,6.4133,0.2313,NaN
Bolt,151,pred,0.6667,NaN,NaN,3.9937,6.3781,0.2420,NaN
Bolt,166,pred,0.6490,NaN,NaN,4.0292,6.8152,0.2412,NaN
Bolt,181,pred,0.7213,NaN,NaN,3.8479,6.5082,0.1582,NaN
Bolt,196,pred,0.7188,NaN,NaN,3.9908,6.5179,0.1862,NaN
Bolt,211,pred,0.7433,NaN,NaN,3.9042,6.6550,0.2740,NaN
Bolt,226,pred,0.7188,NaN,NaN,3.6670,6.4515,0.2305,NaN
Bolt,241,pred,0.6949,NaN,NaN,3.6975,6.3266,0.1813,NaN
Bolt,256,pred,0.5892,NaN,NaN,3.6771,6.4936,0.1674,NaN
Bolt,271,pred,0.6242,NaN,NaN,4.0110,6.1818,0.1838,NaN
Bolt,286,pred,0.6667,NaN,NaN,3.6698,6.3299,0.1879,NaN
Bolt,301,pred,0.6667,NaN,NaN,3.4724,6.3959,0.1911,NaN
Bolt,316,pred,0.7188,NaN,NaN,4.0313,6.3600,0.2412,NaN
Bolt,331,pred,0.6667,NaN,NaN,4.1178,6.4921,0.2360,NaN
Bolt,346,pred,0.7188,NaN,NaN,4.1072,6.2966,0.2732,NaN
Box,1,gt,1.0000,15.6080,1.5083,3.4023,5.8432,0.1573,0.6612
Box,16,pred,0.8315,10.1141,1.4737,3.2532,6.5867,0.1490,NaN
Box,31,pred,0.9250,17.7332,0.9695,3.2957,6.1198,0.1019,0.5712
Box,46,pred,0.7046,17.8791,0.9773,3.1749,4.3557,0.1319,0.6459
Box,61,pred,0.7124,NaN,NaN,2.8605,5.2402,0.0963,NaN
Box,76,pred,0.8646,15.4385,1.0044,3.4213,5.7473,0.1224,0.6454
Box,91,pred,0.8403,16.4487,0.9935,3.5948,5.9555,0.0965,0.5591
Box,106,pred,0.9245,10.7225,1.8623,3.3480,5.9528,0.1177,0.7444
Box,121,pred,0.9251,17.4963,0.9773,3.0434,6.3796,0.0948,0.5781
Box,136,pred,0.8945,13.3585,1.2089,3.2365,6.3568,0.1241,0.7024
Box,151,pred,0.5551,17.9678,0.9884,3.2064,6.0834,0.1513,0.5623
Box,166,pred,0.5716,25.8482,0.9503,3.0422,6.1047,0.1420,0.7078
Box,181,pred,0.7686,18.9342,0.9840,3.0906,5.2093,0.0880,0.5654
Box,196,pred,0.6506,15.9351,0.9860,3.1357,4.7502,0.1110,0.6780
Box,211,pred,0.6923,19.1862,0.9680,2.9719,5.4091,0.0945,0.5870
Box,226,pred,0.7378,18.2356,0.9727,3.3229,6.9164,0.1058,0.5648
Box,241,pred,0.7129,18.2154,0.9642,3.4343,6.4153,0.1425,0.6563
Box,256,pred,0.5385,16.5351,0.9991,3.4115,5.7419,0.1570,0.6691
Box,271,pred,0.6446,16.8041,0.9917,3.6238,6.1387,0.1652,0.6449
Box,286,pred,0.6592,17.3245,0.9854,3.3043,6.0473,0.1654,0.7220
Box,301,pred,0.7678,19.5721,0.9884,3.4475,6.3486,0.1570,0.7763
Box,316,pred,0.8417,18.3323,1.0123,3.6868,6.5034,0.1992,0.6774
Box,331,pred,0.7114,17.2605,0.9919,3.3391,6.0047,0.1331,0.6298
Box,346,pred,0.5900,19.8294,0.9244,3.2660,5.8142,0.1033,0.5901
Box,361,pred,0.5908,19.6867,0.9251,3.2830,5.8733,0.1233,0.5750
Box,376,pred,0.4846,16.5772,0.9713,3.6597,5.7158,0.1479,0.5095
Box,391,pred,0.4659,20.0017,0.9229,3.4511,5.4623,0.1364,0.5645
Box,406,pred,0.6735,17.9172,0.9694,3.2317,5.6261,0.1291,0.5081
Box,421,pred,0.5660,18.8085,0.9855,3.5301,6.0118,0.1128,0.7439
Box,436,pred,0.5833,20.6203,0.9629,3.5863,6.2495,0.1481,0.7485
Box,451,pred,0.7347,21.0634,0.9238,3.3458,6.7310,0.1458,0.6011
Box,466,pred,0.4224,21.9406,0.9848,2.6433,5.1786,0.1162,0.6545
Box,481,pred,0.2066,21.7544,0.9916,2.6453,5.2748,0.1153,0.7159
Box,496,pred,0.0000,20.9246,0.9345,2.7341,5.4124,0.1231,0.6330
Box,511,pred,0.0000,20.3655,0.9288,2.7886,5.6728,0.1266,0.6377
Box,526,pred,0.0000,20.0065,0.9418,2.7711,5.7554,0.1244,0.6643
Box,541,pred,0.0000,20.1799,0.9403,2.7889,5.7335,0.1231,0.6275
Box,556,pred,0.0000,20.6281,0.9258,2.7266,5.7382,0.1234,0.6309
Box,571,pred,0.0000,20.2741,0.9375,2.8075,5.7616,0.1288,0.6145
Box,586,pred,0.1614,18.7057,1.0196,2.9080,5.9672,0.1032,0.6792
Box,601,pred,0.0962,19.3508,1.0100,2.4833,5.3502,0.0709,0.7150
Box,616,pred,0.0000,19.4272,1.0189,2.8621,6.1801,0.1326,0.7805
Box,631,pred,0.0000,19.6425,1.0026,2.8985,6.1242,0.1285,0.7974
Box,646,pred,0.0000,19.6766,1.0017,2.8881,5.9675,0.1390,0.8140
Box,661,pred,0.0000,20.0891,0.9956,2.9020,6.0714,0.1407,0.7932
Box,676,pred,0.0000,19.8492,0.9991,2.9249,6.1581,0.1408,0.8006
Box,691,pred,0.0000,19.3713,1.0097,2.8876,5.9080,0.1384,0.7768
Box,706,pred,0.0000,19.5625,1.0018,2.8917,6.1257,0.1365,0.7860
Box,721,pred,0.0000,19.7453,1.0017,2.8933,5.9784,0.1377,0.7755
Box,736,pred,0.0000,19.7453,1.0009,2.8936,6.0449,0.1393,0.7865
Box,751,pred,0.0000,20.2033,0.9948,2.8908,6.1951,0.1405,0.7929
Box,766,pred,0.0000,19.8753,1.0108,2.9216,5.9317,0.1416,0.8065
Box,781,pred,0.0000,19.7109,1.0035,2.9111,5.7312,0.1350,0.7850
Box,796,pred,0.0000,19.4944,1.0026,2.9087,6.0235,0.1358,0.7944
Box,811,pred,0.0000,19.7798,0.9991,2.8944,5.9664,0.1356,0.7632
Box,826,pred,0.0000,19.9496,0.9965,2.9310,6.1842,0.1356,0.7743
Box,841,pred,0.0000,19.5412,1.0018,2.9366,6.1508,0.1358,0.7598
Box,856,pred,0.0000,19.7907,1.0035,3.0079,5.9812,0.1463,0.7689
Box,871,pred,0.0000,19.6766,0.9974,2.9429,6.2266,0.1423,0.8054
Box,886,pred,0.0000,21.5011,0.9176,2.9246,6.1060,0.1339,0.6809
Box,901,pred,0.0000,19.6084,1.0000,2.9330,6.0842,0.1388,0.7449
Box,916,pred,0.0000,22.0301,0.9027,2.9850,6.1140,0.1423,0.6705
Box,931,pred,0.0000,19.5745,1.0078,2.9392,6.1059,0.1369,0.7976
Box,946,pred,0.0000,19.5625,1.0009,2.9641,6.1753,0.1329,0.7755
Box,961,pred,0.0000,19.6100,1.0044,2.9637,6.0642,0.1352,0.7654
Box,976,pred,0.0000,19.9603,0.9923,2.9551,5.9325,0.1373,0.7967
Box,991,pred,0.0000,20.0985,0.9966,2.9452,6.2707,0.1422,0.7703
Box,1006,pred,0.0000,20.6651,0.9931,2.9476,6.0682,0.1391,0.7719
Box,1021,pred,0.0000,19.4389,1.0088,2.9534,6.1048,0.1427,0.7979
Box,1036,pred,0.0000,19.6084,1.0061,2.9568,6.0996,0.1438,0.8033
Box,1051,pred,0.0000,19.7699,1.0152,2.9827,6.2388,0.1405,0.7557
Box,1066,pred,0.0000,20.8782,0.9890,2.9302,6.2591,0.1425,0.7570
Box,1081,pred,0.0000,20.2738,0.9948,2.9499,6.1238,0.1407,0.8101
Box,1096,pred,0.0000,20.0985,1.0000,2.9542,6.0878,0.1421,0.7697
Box,1111,pred,0.0000,19.9895,0.9974,2.9428,5.9454,0.1239,0.7853
Box,1126,pred,0.0000,19.7688,1.0082,2.9575,6.2367,0.1323,0.7826
Box,1141,pred,0.0000,19.6100,1.0018,3.0030,6.1901,0.1356,0.7786
Box,1156,pred,0.0000,19.6446,1.0035,3.0021,6.2601,0.1345,0.7613
Car1,1,gt,1.0000,NaN,NaN,3.9922,-0.0000,0.2223,NaN
Car1,16,pred,0.9450,NaN,NaN,4.1974,-0.0000,0.2356,NaN
Car1,31,pred,0.8968,NaN,NaN,4.0237,-0.0000,0.2500,NaN
Car1,46,pred,0.8840,NaN,NaN,4.1850,-0.0000,0.2636,NaN
Car1,61,pred,0.9744,NaN,NaN,4.3557,-0.0000,0.2455,NaN
Car1,76,pred,0.8811,NaN,NaN,4.3124,-0.0000,0.2791,NaN
Car1,91,pred,0.9252,NaN,NaN,4.2591,-0.0000,0.3075,NaN
Car1,106,pred,0.8953,NaN,NaN,4.5897,-0.0000,0.2661,NaN
Car1,121,pred,0.7963,NaN,NaN,4.5197,-0.0000,0.3013,NaN
Car1,136,pred,0.6551,NaN,NaN,4.4655,-0.0000,0.3118,NaN
Car1,151,pred,0.5926,NaN,NaN,4.5029,-0.0000,0.2993,NaN
Car1,166,pred,0.6250,NaN,NaN,4.4880,-0.0000,0.3325,NaN
Car1,181,pred,0.6321,NaN,NaN,4.2283,-0.0000,0.2790,NaN
Car1,196,pred,0.6765,NaN,NaN,4.3916,-0.0000,0.2972,NaN
Car1,211,pred,0.6765,NaN,NaN,4.0798,-0.0000,0.2931,NaN
Car1,226,pred,0.6765,NaN,NaN,4.7488,-0.0000,0.3319,NaN
Car1,241,pred,0.5735,NaN,NaN,4.6304,-0.0000,0.3277,NaN
Car1,256,pred,0.5515,NaN,NaN,4.0820,-0.0000,0.2983,NaN
Car1,271,pred,0.5515,NaN,NaN,4.6003,-0.0000,0.3193,NaN
Car1,286,pred,0.5042,NaN,NaN,4.5639,-0.0000,0.2931,NaN
Car1,301,pred,0.4790,NaN,NaN,4.2331,-0.0000,0.2647,NaN
Car1,316,pred,0.4349,NaN,NaN,4.0703,-0.0000,0.2668,NaN
Car1,331,pred,0.4481,NaN,NaN,4.2095,-0.0000,0.2641,NaN
Car1,346,pred,0.4760,NaN,NaN,4.5642,-0.0000,0.2921,NaN
Car1,361,pred,0.4760,NaN,NaN,4.3455,-0.0000,0.2380,NaN
Car1,376,pred,0.4760,NaN,NaN,4.3976,-0.0000,0.2861,NaN
Car1,391,pred,0.4291,NaN,NaN,4.3324,-0.0000,0.2981,NaN
Car1,406,pred,0.4291,NaN,NaN,4.4328,-0.0000,0.2825,NaN
Car1,421,pred,0.4291,NaN,NaN,4.4507,-0.0000,0.3474,NaN
Car1,436,pred,0.4038,17.4282,1.0909,4.4941,-0.0000,0.2788,0.0000
Car1,451,pred,0.3772,NaN,NaN,4.7016,-0.0000,0.2916,NaN
Car1,466,pred,0.3970,NaN,NaN,4.5314,-0.0000,0.3400,NaN
Car1,481,pred,0.4087,NaN,NaN,4.6344,-0.0000,0.3582,NaN
Car1,496,pred,0.3245,NaN,NaN,4.4554,-0.0000,0.3233,NaN
Car1,511,pred,0.3573,NaN,NaN,4.4293,-0.0000,0.3139,NaN
Car1,526,pred,0.3462,NaN,NaN,4.3654,-0.0000,0.2668,NaN
Car1,541,pred,0.3772,NaN,NaN,4.2717,-0.0000,0.3238,NaN
Car1,556,pred,0.3654,NaN,NaN,4.4624,-0.0000,0.3474,NaN
Car1,571,pred,0.3654,14.5026,1.1595,4.5441,-0.0000,0.2632,0.0000
Car1,586,pred,0.3654,NaN,NaN,4.3637,-0.0000,0.2873,NaN
Car1,601,pred,0.3678,NaN,NaN,4.4197,-0.0000,0.2572,NaN
Car1,616,pred,0.3245,NaN,NaN,4.3384,-0.0000,0.3005,NaN
Car1,631,pred,0.3245,NaN,NaN,4.2418,-0.0000,0.2476,NaN
Car1,646,pred,0.3654,NaN,NaN,4.4761,-0.0000,0.2584,NaN
Car1,661,pred,0.3882,NaN,NaN,4.1737,-0.0000,0.3029,NaN
Car1,676,pred,0.3654,NaN,NaN,4.5627,-0.0000,0.2945,NaN
Car1,691,pred,0.3882,NaN,NaN,4.5885,-0.0000,0.2945,NaN
Car1,706,pred,0.3846,NaN,NaN,4.7525,-0.0000,0.3041,NaN
Car1,721,pred,0.3654,NaN,NaN,4.4224,-0.0000,0.2969,NaN
Car1,736,pred,0.3654,NaN,NaN,4.6494,-0.0000,0.3053,NaN
Car1,751,pred,0.3846,NaN,NaN,4.5801,-0.0000,0.3401,NaN
Car1,766,pred,0.3654,NaN,NaN,4.7040,-0.0000,0.3125,NaN
Car1,781,pred,0.4327,NaN,NaN,4.6883,-0.0000,0.2812,NaN
Car1,796,pred,0.4087,NaN,NaN,4.5387,-0.0000,0.2584,NaN
Car1,811,pred,0.4087,NaN,NaN,4.6383,-0.0000,0.2788,NaN
Car1,826,pred,0.4087,NaN,NaN,4.4492,-0.0000,0.2572,NaN
Car1,841,pred,0.4087,NaN,NaN,4.3661,-0.0000,0.2861,NaN
Car1,856,pred,0.3846,NaN,NaN,4.4846,-0.0000,0.2945,NaN
Car1,871,pred,0.4327,NaN,NaN,4.6487,-0.0000,0.3389,NaN
Car1,886,pred,0.4291,NaN,NaN,4.4250,-0.0000,0.3125,NaN
Car1,901,pred,0.4796,NaN,NaN,4.4386,-0.0000,0.3101,NaN
Car1,916,pred,0.4495,NaN,NaN,4.5596,-0.0000,0.3077,NaN
Car1,931,pred,0.5252,NaN,NaN,4.6205,-0.0000,0.3293,NaN
Car1,946,pred,0.5481,NaN,NaN,4.5561,-0.0000,0.2728,NaN
Car1,961,pred,0.6010,NaN,NaN,4.3339,-0.0000,0.2981,NaN
Car1,976,pred,0.6010,NaN,NaN,4.5646,-0.0000,0.2656,NaN
Car1,991,pred,0.6310,NaN,NaN,4.6513,-0.0000,0.3413,NaN
Car1,1006,pred,0.5600,NaN,NaN,4.6917,-0.0000,0.2897,NaN
Car4,1,gt,1.0000,NaN,NaN,2.8112,-0.0000,0.1170,NaN
Car4,16,pred,0.8656,NaN,NaN,3.5172,-0.0000,0.1742,NaN
Car4,31,pred,0.8620,NaN,NaN,3.4851,-0.0000,0.1786,NaN
Car4,46,pred,0.9012,NaN,NaN,3.6054,-0.0000,0.1873,NaN
Car4,61,pred,0.9126,NaN,NaN,3.6195,-0.0000,0.1941,NaN
Car4,76,pred,0.9015,NaN,NaN,3.5448,-0.0000,0.1942,NaN
Car4,91,pred,0.8784,NaN,NaN,3.5898,-0.0000,0.2040,NaN
Car4,106,pred,0.9405,NaN,NaN,3.5088,-0.0000,0.1777,NaN
Car4,121,pred,0.8516,NaN,NaN,3.8405,-0.0000,0.1890,NaN
Car4,136,pred,0.8668,NaN,NaN,3.6696,-0.0000,0.2008,NaN
Car4,151,pred,0.8422,NaN,NaN,3.7869,-0.0000,0.2153,NaN
Car4,166,pred,0.7999,NaN,NaN,3.7752,-0.0000,0.2193,NaN
Car4,181,pred,0.8713,NaN,NaN,3.8149,-0.0000,0.2166,NaN
Car4,196,pred,0.8347,NaN,NaN,2.6681,-0.0000,0.0946,NaN
Car4,211,pred,0.8973,NaN,NaN,2.6561,-0.0000,0.0973,NaN
Car4,226,pred,0.7922,NaN,NaN,2.6771,-0.0000,0.0965,NaN
Car4,241,pred,0.8956,NaN,NaN,4.3220,-0.0000,0.2728,NaN
Car4,256,pred,0.8292,NaN,NaN,4.1789,-0.0000,0.2642,NaN
Car4,271,pred,0.8588,NaN,NaN,4.1763,-0.0000,0.2734,NaN
Car4,286,pred,0.7535,NaN,NaN,4.1601,-0.0000,0.2803,NaN
Car4,301,pred,0.7446,NaN,NaN,4.0827,-0.0000,0.2546,NaN
Car4,316,pred,0.8650,NaN,NaN,4.1495,-0.0000,0.2947,NaN
Car4,331,pred,0.7054,NaN,NaN,4.3729,-0.0000,0.2897,NaN
Car4,346,pred,0.8076,NaN,NaN,4.2776,-0.0000,0.2740,NaN
Car4,361,pred,0.6943,NaN,NaN,4.2807,-0.0000,0.2900,NaN
Car4,376,pred,0.6548,NaN,NaN,4.2423,-0.0000,0.2764,NaN
Car4,391,pred,0.9027,NaN,NaN,4.0551,-0.0000,0.2795,NaN
Car4,406,pred,0.7395,NaN,NaN,4.1263,-0.0000,0.2829,NaN
Car4,421,pred,0.8917,NaN,NaN,4.1975,-0.0000,0.2740,NaN
Car4,436,pred,0.8811,NaN,NaN,4.0254,-0.0000,0.2787,NaN
Car4,451,pred,0.8891,NaN,NaN,4.2420,-0.0000,0.2526,NaN
Car4,466,pred,0.9518,NaN,NaN,4.1521,-0.0000,0.2691,NaN
Car4,481,pred,0.9010,NaN,NaN,4.1443,-0.0000,0.2598,NaN
Car4,496,pred,0.9251,NaN,NaN,4.1148,-0.0000,0.2612,NaN
Car4,511,pred,0.8370,NaN,NaN,4.0626,-0.0000,0.2623,NaN
Car4,526,pred,0.9011,NaN,NaN,4.0007,-0.0000,0.2402,NaN
Car4,541,pred,0.8956,NaN,NaN,4.0613,-0.0000,0.2428,NaN
Car4,556,pred,0.8951,NaN,NaN,4.0430,-0.0000,0.2559,NaN
Car4,571,pred,0.9026,NaN,NaN,4.0202,-0.0000,0.2435,NaN
Car4,586,pred,0.8887,NaN,NaN,3.9542,-0.0000,0.2321,NaN
Car4,601,pred,0.8155,NaN,NaN,3.8971,-0.0000,0.2066,NaN
Car4,616,pred,0.8381,NaN,NaN,3.9352,-0.0000,0.2188,NaN
Car4,631,pred,0.8858,NaN,NaN,3.6867,-0.0000,0.1848,NaN
Car4,646,pred,0.7433,NaN,NaN,3.7785,-0.0000,0.1855,NaN
CarDark,1,gt,1.0000,NaN,NaN,4.4988,4.4208,0.2654,NaN
CarDark,16,pred,1.0000,NaN,NaN,4.2239,4.5240,0.2222,NaN
CarDark,31,pred,0.9333,NaN,NaN,4.4048,4.7967,0.2714,NaN
CarDark,46,pred,0.9032,NaN,NaN,4.2588,4.6256,0.2564,NaN
CarDark,61,pred,0.8668,NaN,NaN,4.3759,4.5811,0.2594,NaN
CarDark,76,pred,0.9264,NaN,NaN,4.6133,3.9856,0.2624,NaN
CarDark,91,pred,0.9264,NaN,NaN,4.4879,4.0969,0.2654,NaN
CarDark,106,pred,0.9264,NaN,NaN,4.4683,4.1345,0.2414,NaN
CarDark,121,pred,0.8965,NaN,NaN,4.4894,3.9981,0.2609,NaN
CarDark,136,pred,0.9333,NaN,NaN,4.3916,4.2944,0.2624,NaN
CarDark,151,pred,0.8598,NaN,NaN,4.3673,4.1989,0.2204,NaN
CarDark,166,pred,0.9667,NaN,NaN,4.3348,4.3141,0.2354,NaN
CarDark,181,pred,0.9264,NaN,NaN,4.4182,4.3765,0.2204,NaN
CarDark,196,pred,0.9264,NaN,NaN,4.3191,4.2712,0.2324,NaN
CarDark,211,pred,0.8606,NaN,NaN,4.3143,4.3700,0.2444,NaN
CarDark,226,pred,0.8606,NaN,NaN,4.3323,4.2891,0.2234,NaN
CarDark,241,pred,0.9200,NaN,NaN,4.2135,4.2974,0.2114,NaN
CarDark,256,pred,0.8668,NaN,NaN,4.2943,4.0400,0.2159,NaN
CarDark,271,pred,0.8668,NaN,NaN,4.1552,4.0826,0.2219,NaN
CarDark,286,pred,0.9333,10.6667,1.6000,4.1104,4.0930,0.2474,NaN
CarDark,301,pred,0.8873,NaN,NaN,4.3470,3.9866,0.2429,NaN
CarDark,316,pred,0.7646,NaN,NaN,4.2118,4.2645,0.2714,NaN
CarDark,331,pred,0.8313,NaN,NaN,4.2375,4.2564,0.2549,NaN
CarDark,346,pred,0.8873,NaN,NaN,4.5639,4.1775,0.2639,NaN
CarDark,361,pred,0.7465,NaN,NaN,4.5430,4.1614,0.2489,NaN
CarDark,376,pred,0.8606,NaN,NaN,4.5043,4.3137,0.2699,NaN
CarDark,391,pred,0.6352,NaN,NaN,4.3899,4.1933,0.2744,NaN
CarScale,1,gt,1.0000,5.8627,3.3333,3.8701,5.4944,0.2619,NaN
CarScale,16,pred,0.8146,NaN,NaN,3.9911,5.7354,0.2527,NaN
CarScale,31,pred,0.8190,8.0701,1.7333,4.2444,5.9312,0.2668,NaN
CarScale,46,pred,0.8744,NaN,NaN,4.3763,5.6852,0.2500,NaN
CarScale,61,pred,0.8125,NaN,NaN,4.3533,5.5556,0.2762,NaN
CarScale,76,pred,0.7835,NaN,NaN,4.1342,5.5191,0.2701,NaN
CarScale,91,pred,0.8410,NaN,NaN,4.3483,5.6425,0.2714,NaN
CarScale,106,pred,0.8761,NaN,NaN,4.2579,5.6149,0.2723,NaN
CarScale,121,pred,0.8847,NaN,NaN,4.1512,5.6145,0.2622,NaN
CarScale,136,pred,0.7396,NaN,NaN,4.1395,5.5944,0.2564,NaN
CarScale,151,pred,0.8304,NaN,NaN,4.1389,5.6877,0.2521,NaN
CarScale,166,pred,0.5553,NaN,NaN,3.6229,5.2722,0.1736,NaN
CarScale,181,pred,0.4136,13.3430,1.2407,3.7693,5.9227,0.2080,NaN
CarScale,196,pred,0.3158,17.6593,1.1510,3.7086,5.9136,0.1800,NaN
CarScale,211,pred,0.2620,20.9957,1.0480,3.3670,5.3986,0.1083,0.6015
CarScale,226,pred,0.1828,14.9569,1.0850,3.2733,5.6282,0.1034,NaN
CarScale,241,pred,0.1531,23.4127,0.9206,3.2176,4.9031,0.0818,0.7401
ClifBar,1,gt,1.0000,NaN,NaN,4.4067,-0.0000,0.3198,NaN
ClifBar,16,pred,0.9286,NaN,NaN,4.4077,-0.0000,0.3381,NaN
ClifBar,31,pred,0.6454,NaN,NaN,4.3700,-0.0000,0.2794,NaN
ClifBar,46,pred,0.8253,26.6062,0.9279,4.1799,-0.0000,0.3050,0.0000
ClifBar,61,pred,0.9231,NaN,NaN,4.2901,-0.0000,0.2949,NaN
ClifBar,76,pred,0.6450,NaN,NaN,3.8470,-0.0000,0.2271,NaN
ClifBar,91,pred,0.8928,NaN,NaN,3.7830,-0.0000,0.2037,NaN
ClifBar,106,pred,0.7237,24.6811,0.9204,4.1106,-0.0000,0.2581,0.0000
ClifBar,121,pred,0.6936,NaN,NaN,4.2252,-0.0000,0.3045,NaN
ClifBar,136,pred,0.6049,NaN,NaN,4.1327,-0.0000,0.2978,NaN
ClifBar,151,pred,0.0863,NaN,NaN,3.7018,-0.0000,0.1943,NaN
ClifBar,166,pred,0.0000,NaN,NaN,3.3954,-0.0000,0.1652,NaN
ClifBar,181,pred,0.0000,NaN,NaN,3.2695,-0.0000,0.1476,NaN
ClifBar,196,pred,0.0000,NaN,NaN,3.2646,-0.0000,0.1560,NaN
ClifBar,211,pred,0.0658,NaN,NaN,3.1927,-0.0000,0.1454,NaN
ClifBar,226,pred,0.0000,NaN,NaN,2.7462,-0.0000,0.0907,NaN
ClifBar,241,pred,0.0000,NaN,NaN,3.3747,-0.0000,0.1634,NaN
ClifBar,256,pred,0.0000,NaN,NaN,3.2590,-0.0000,0.1573,NaN
ClifBar,271,pred,0.0000,NaN,NaN,3.2604,-0.0000,0.1535,NaN
ClifBar,286,pred,0.0000,NaN,NaN,3.2922,-0.0000,0.1546,NaN
ClifBar,301,pred,0.0000,NaN,NaN,3.4101,-0.0000,0.1528,NaN
ClifBar,316,pred,0.0000,NaN,NaN,3.3242,-0.0000,0.1476,NaN
ClifBar,331,pred,0.0000,NaN,NaN,3.1213,-0.0000,0.1324,NaN
ClifBar,346,pred,0.0000,NaN,NaN,3.1918,-0.0000,0.1369,NaN
ClifBar,361,pred,0.0000,NaN,NaN,3.1235,-0.0000,0.1466,NaN
ClifBar,376,pred,0.0000,NaN,NaN,3.1728,-0.0000,0.1338,NaN
ClifBar,391,pred,0.0000,NaN,NaN,3.1989,-0.0000,0.1385,NaN
ClifBar,406,pred,0.0000,NaN,NaN,3.2110,-0.0000,0.1395,NaN
ClifBar,421,pred,0.0013,NaN,NaN,3.1595,-0.0000,0.1352,NaN
ClifBar,436,pred,0.0000,NaN,NaN,3.1892,-0.0000,0.1395,NaN
ClifBar,451,pred,0.0000,NaN,NaN,2.9375,-0.0000,0.1266,NaN
ClifBar,466,pred,0.0000,NaN,NaN,2.9419,-0.0000,0.1266,NaN
Couple,1,gt,1.0000,NaN,NaN,4.1961,6.0165,0.2374,NaN
Couple,16,pred,0.9172,NaN,NaN,4.0685,6.0099,0.2542,NaN
Couple,31,pred,0.6843,NaN,NaN,4.2620,6.1637,0.2452,NaN
Couple,46,pred,0.6409,28.5655,0.8322,4.0642,6.0534,0.2500,0.7490
Couple,61,pred,0.5316,NaN,NaN,4.0510,5.8476,0.2321,NaN
Couple,76,pred,0.5149,NaN,NaN,3.7950,5.5912,0.2146,NaN
Couple,91,pred,0.5679,NaN,NaN,3.9684,5.7128,0.1773,NaN
Couple,106,pred,0.7454,NaN,NaN,3.9408,5.9848,0.1980,NaN
Couple,121,pred,0.3597,NaN,NaN,3.7793,6.1618,0.2062,NaN
Couple,136,pred,0.2663,NaN,NaN,3.5501,5.6772,0.1663,NaN
Crowds,1,gt,1.0000,NaN,NaN,4.2661,1.8565,0.2540,NaN
Crowds,16,pred,0.6820,NaN,NaN,4.2773,3.1366,0.2609,NaN
Crowds,31,pred,0.7483,NaN,NaN,4.1145,3.2628,0.2228,NaN
Crowds,46,pred,0.7326,NaN,NaN,4.1576,2.3849,0.2522,NaN
Crowds,61,pred,0.5636,NaN,NaN,4.2297,3.0718,0.2315,NaN
Crowds,76,pred,0.6206,NaN,NaN,4.0144,3.1122,0.1783,NaN
Crowds,91,pred,0.8200,NaN,NaN,4.1722,2.8779,0.2283,NaN
Crowds,106,pred,0.7483,NaN,NaN,3.8336,2.9470,0.2283,NaN
Crowds,121,pred,0.6206,NaN,NaN,3.9427,2.9632,0.2011,NaN
Crowds,136,pred,0.6820,NaN,NaN,4.2595,2.9490,0.2207,NaN
Crowds,151,pred,0.7483,NaN,NaN,3.9092,2.5259,0.2424,NaN
Crowds,166,pred,0.6820,NaN,NaN,4.1596,2.5933,0.1674,NaN
Crowds,181,pred,0.6820,NaN,NaN,3.9550,3.1283,0.2402,NaN
Crowds,196,pred,0.5104,NaN,NaN,4.1608,3.2398,0.2152,NaN
Crowds,211,pred,0.5081,NaN,NaN,4.0132,3.3927,0.2033,NaN
Crowds,226,pred,0.5781,NaN,NaN,3.9561,3.0249,0.1935,NaN
Crowds,241,pred,0.5446,NaN,NaN,3.9166,3.0469,0.1967,NaN
Crowds,256,pred,0.5446,NaN,NaN,4.0264,2.9801,0.1978,NaN
Crowds,271,pred,0.5991,NaN,NaN,4.0206,2.8682,0.2098,NaN
Crowds,286,pred,0.5636,NaN,NaN,3.9293,3.0617,0.2141,NaN
Crowds,301,pred,0.6206,NaN,NaN,3.8855,2.1574,0.1739,NaN
Crowds,316,pred,0.4607,NaN,NaN,4.3302,2.1429,0.2033,NaN
Crowds,331,pred,0.3242,NaN,NaN,3.8426,3.0014,0.2189,NaN
Crowds,346,pred,0.8200,NaN,NaN,4.2483,2.3780,0.2109,NaN
David,1,gt,1.0000,NaN,NaN,3.0002,4.7671,0.0000,NaN
David,16,pred,0.3382,19.8401,0.9567,3.2521,4.9228,0.0000,0.8379
David,31,pred,0.5613,NaN,NaN,3.2846,4.8549,0.0000,NaN
David,46,pred,0.1604,5.8284,3.7895,1.9435,5.4263,0.0111,NaN
David,61,pred,0.3002,7.2816,2.1463,1.6811,5.4144,0.0071,NaN
David,76,pred,0.4023,NaN,NaN,3.5944,5.2847,0.0000,NaN
David,91,pred,0.0091,7.4284,2.1905,1.9677,5.6409,0.0102,NaN
David,106,pred,0.3288,NaN,NaN,2.7251,5.3895,0.0006,NaN
David,121,pred,0.0150,3.8534,6.5714,2.9268,5.2505,0.0166,NaN
David,136,pred,0.3378,10.3181,1.7193,2.5438,5.1087,0.0105,NaN
David,151,pred,0.0529,NaN,NaN,3.1321,5.6962,0.0194,NaN
David,166,pred,0.0606,12.8777,1.5510,3.1879,5.6761,0.0481,NaN
David,181,pred,0.2500,NaN,NaN,3.3385,5.5845,0.0221,NaN
David,196,pred,0.1626,NaN,NaN,3.5647,5.4787,0.0073,NaN
David,211,pred,0.2760,3.2475,9.6000,3.5325,5.6413,0.0208,NaN
David,226,pred,0.2965,10.2855,1.7778,3.2454,5.0679,0.0075,NaN
David,241,pred,0.2963,NaN,NaN,2.7724,5.0598,0.0259,NaN
David,256,pred,0.4055,9.8475,2.5714,3.3622,4.9250,0.0341,NaN
David,271,pred,0.7920,9.8475,2.5714,3.0100,4.8872,0.0117,NaN
David,286,pred,0.2810,8.7816,2.0465,3.8429,5.6241,0.0378,NaN
David,301,pred,0.0000,15.6041,1.8571,3.5359,5.5612,0.0450,NaN
David,316,pred,0.0000,10.5848,1.7895,3.6872,5.5897,0.0839,NaN
David,331,pred,0.0000,11.8440,2.4444,3.3236,5.2239,0.0835,NaN
David,346,pred,0.4106,16.6667,NaN,3.2096,5.5506,0.0732,NaN
David,361,pred,0.0286,NaN,NaN,3.5194,4.8968,0.0506,NaN
David,376,pred,0.0661,NaN,NaN,3.2639,4.8747,0.0775,NaN
David,391,pred,0.1416,NaN,NaN,3.6153,4.6565,0.0951,NaN
David,406,pred,0.0994,NaN,NaN,3.2183,4.5076,0.1032,NaN
David,421,pred,0.1441,1.3333,NaN,3.5035,3.7364,0.1284,NaN
David,436,pred,0.1064,NaN,NaN,3.8604,4.5874,0.1625,NaN
David,451,pred,0.1046,NaN,NaN,3.7737,3.7929,0.0738,NaN
David,466,pred,0.4588,NaN,NaN,3.3768,4.4257,0.1825,NaN
Deer,1,gt,1.0000,8.9997,1.7132,2.9684,4.8368,0.0523,0.6444
Deer,16,pred,0.7060,15.4449,1.3300,3.5447,4.3390,0.0509,0.7046
Deer,31,pred,0.8231,NaN,NaN,4.0830,4.8486,0.0674,NaN
Deer,46,pred,0.8121,NaN,NaN,3.9921,5.0201,0.0294,NaN
Deer,61,pred,0.7630,NaN,NaN,4.1244,4.8078,0.0187,NaN
Dudek,1,gt,1.0000,NaN,NaN,2.2188,-0.0000,0.0458,NaN
Dudek,16,pred,0.9345,NaN,NaN,2.4178,-0.0000,0.0354,NaN
Dudek,31,pred,0.8512,0.0000,NaN,2.1004,-0.0000,0.0336,NaN
Dudek,46,pred,0.7827,NaN,NaN,2.4352,-0.0000,0.0286,NaN
Dudek,61,pred,0.7510,13.1999,4.5000,2.3774,-0.0000,0.0362,NaN
Dudek,76,pred,0.7338,NaN,NaN,2.4428,-0.0000,0.0325,NaN
Dudek,91,pred,0.6581,NaN,NaN,2.4532,-0.0000,0.0393,NaN
Dudek,106,pred,0.6599,59.4449,0.7027,2.5267,-0.0000,0.0352,NaN
Dudek,121,pred,0.8354,NaN,NaN,2.3451,-0.0000,0.0305,NaN
Dudek,136,pred,0.8974,NaN,NaN,2.4093,-0.0000,0.0308,NaN
Dudek,151,pred,0.8633,12.8000,NaN,2.3146,-0.0000,0.0315,NaN
Dudek,166,pred,0.7758,NaN,NaN,2.9607,-0.0000,0.0242,NaN
Dudek,181,pred,0.8786,NaN,NaN,2.9685,-0.0000,0.0323,NaN
Dudek,196,pred,0.8881,NaN,NaN,2.9661,-0.0000,0.0319,NaN
Dudek,211,pred,0.7818,0.0000,NaN,2.7014,-0.0000,0.0197,NaN
Dudek,226,pred,0.8188,NaN,NaN,2.8297,-0.0000,0.0426,NaN
Dudek,241,pred,0.8475,8.0000,NaN,2.5852,-0.0000,0.0489,NaN
Dudek,256,pred,0.8264,NaN,NaN,2.7234,-0.0000,0.0486,NaN
Dudek,271,pred,0.8552,NaN,NaN,2.0962,-0.0000,0.0404,NaN
Dudek,286,pred,0.9425,NaN,NaN,2.2417,-0.0000,0.0336,NaN
Dudek,301,pred,0.8888,NaN,NaN,2.3261,-0.0000,0.0335,NaN
Dudek,316,pred,0.8758,NaN,NaN,2.8273,-0.0000,0.0333,NaN
Dudek,331,pred,0.7939,21.2025,1.2562,2.2081,-0.0000,0.0411,NaN
Dudek,346,pred,0.8655,NaN,NaN,2.9050,-0.0000,0.0383,NaN
Dudek,361,pred,0.9258,1.0667,NaN,2.8441,-0.0000,0.0398,NaN
Dudek,376,pred,0.8003,NaN,NaN,2.7231,-0.0000,0.0263,NaN
Dudek,391,pred,0.7282,38.7220,1.1724,1.9939,-0.0000,0.0442,NaN
Dudek,406,pred,0.8016,26.4591,1.0376,2.2713,-0.0000,0.0364,NaN
Dudek,421,pred,0.8092,NaN,NaN,2.2385,-0.0000,0.0319,NaN
Dudek,436,pred,0.7683,NaN,NaN,2.5638,-0.0000,0.0381,NaN
Dudek,451,pred,0.8013,NaN,NaN,3.0074,-0.0000,0.0423,NaN
Dudek,466,pred,0.8013,NaN,NaN,2.5730,-0.0000,0.0374,NaN
Dudek,481,pred,0.8674,NaN,NaN,2.6581,-0.0000,0.0312,NaN
Dudek,496,pred,0.8402,NaN,NaN,3.0817,-0.0000,0.0324,NaN
Dudek,511,pred,0.8138,NaN,NaN,3.1402,-0.0000,0.0331,NaN
Dudek,526,pred,0.8465,NaN,NaN,2.8508,-0.0000,0.0299,NaN
Dudek,541,pred,0.8534,NaN,NaN,2.8633,-0.0000,0.0294,NaN
Dudek,556,pred,0.8441,NaN,NaN,2.6227,-0.0000,0.0319,NaN
Dudek,571,pred,0.8491,NaN,NaN,1.9688,-0.0000,0.0190,NaN
Dudek,586,pred,0.8327,72.2189,0.7156,2.3754,-0.0000,0.0482,NaN
Dudek,601,pred,0.8362,91.0956,1.2453,2.5010,-0.0000,0.0380,NaN
Dudek,616,pred,0.8001,0.0000,NaN,2.4919,-0.0000,0.0352,NaN
Dudek,631,pred,0.8250,10.0889,9.5556,2.6901,-0.0000,0.0364,NaN
Dudek,646,pred,0.8909,44.0322,2.5455,2.4094,-0.0000,0.0454,NaN
Dudek,661,pred,0.8308,NaN,NaN,2.8927,-0.0000,0.0559,NaN
Dudek,676,pred,0.7830,NaN,NaN,3.2230,-0.0000,0.0327,NaN
Dudek,691,pred,0.6566,20.3950,0.8889,2.8004,-0.0000,0.0258,0.0000
Dudek,706,pred,0.6579,24.9734,0.8633,2.7699,-0.0000,0.0334,0.0000
Dudek,721,pred,0.7586,17.7348,1.2862,2.0940,-0.0000,0.0656,NaN
Dudek,736,pred,0.7949,12.7762,2.8750,2.4026,-0.0000,0.0406,NaN
Dudek,751,pred,0.5823,NaN,NaN,1.8043,-0.0000,0.0328,NaN
Dudek,766,pred,0.6210,NaN,NaN,2.4947,-0.0000,0.0898,NaN
Dudek,781,pred,0.7831,NaN,NaN,2.1166,-0.0000,0.0676,NaN
Dudek,796,pred,0.7404,NaN,NaN,2.4109,-0.0000,0.0974,NaN
Dudek,811,pred,0.7399,NaN,NaN,2.5835,-0.0000,0.1059,NaN
Dudek,826,pred,0.8034,NaN,NaN,2.6220,-0.0000,0.1054,NaN
Dudek,841,pred,0.7735,NaN,NaN,2.5752,-0.0000,0.0971,NaN
Dudek,856,pred,0.8038,NaN,NaN,2.5478,-0.0000,0.0952,NaN
Dudek,871,pred,0.7714,104.3162,0.3830,2.4843,-0.0000,0.0755,NaN
Dudek,886,pred,0.7982,NaN,NaN,2.1881,-0.0000,0.0815,NaN
Dudek,901,pred,0.7344,NaN,NaN,2.7828,-0.0000,0.0784,NaN
Dudek,916,pred,0.5067,22.6470,2.4000,2.9183,-0.0000,0.0369,NaN
Dudek,931,pred,0.5011,NaN,NaN,2.8902,-0.0000,0.0617,NaN
Dudek,946,pred,0.6680,7.9076,2.1565,2.1466,-0.0000,0.0283,NaN
Dudek,961,pred,0.7929,30.5271,0.9873,2.8636,-0.0000,0.0205,NaN
Dudek,976,pred,0.8253,NaN,NaN,2.3492,-0.0000,0.0366,NaN
Dudek,991,pred,0.9119,7.7712,6.0000,2.7415,-0.0000,0.0416,NaN
Dudek,1006,pred,0.7353,60.2353,NaN,3.1016,-0.0000,0.0845,NaN
Dudek,1021,pred,0.7522,NaN,NaN,3.4511,-0.0000,0.0710,NaN
Dudek,1036,pred,0.8230,NaN,NaN,3.1168,-0.0000,0.0777,NaN
Dudek,1051,pred,0.7968,NaN,NaN,3.2270,-0.0000,0.0692,NaN
Dudek,1066,pred,0.8201,NaN,NaN,3.3426,-0.0000,0.0768,NaN
Dudek,1081,pred,0.8363,NaN,NaN,3.3426,-0.0000,0.0691,NaN
Dudek,1096,pred,0.8382,5.5713,4.6316,2.3570,-0.0000,0.0819,NaN
Dudek,1111,pred,0.7398,NaN,NaN,3.0198,-0.0000,0.0963,NaN
Dudek,1126,pred,0.7449,NaN,NaN,2.7493,-0.0000,0.0880,NaN
Dudek,1141,pred,0.6240,1.6944,15.3333,2.2156,-0.0000,0.0651,NaN
Football,1,gt,1.0000,NaN,NaN,4.0333,-0.0000,0.2872,NaN
Football,16,pred,0.8836,NaN,NaN,4.1600,-0.0000,0.3035,NaN
Football,31,pred,0.8894,NaN,NaN,4.1840,-0.0000,0.3153,NaN
Football,46,pred,0.8894,NaN,NaN,4.2532,-0.0000,0.3110,NaN
Football,61,pred,0.7897,NaN,NaN,4.0120,-0.0000,0.2718,NaN
Football,76,pred,0.7422,NaN,NaN,4.0880,-0.0000,0.2618,NaN
Football,91,pred,0.8023,NaN,NaN,4.1874,-0.0000,0.2782,NaN
Football,106,pred,0.7064,NaN,NaN,4.0694,-0.0000,0.3110,NaN
Football,121,pred,0.5387,NaN,NaN,4.0550,-0.0000,0.3356,NaN
Football,136,pred,0.6763,NaN,NaN,4.0919,-0.0000,0.2769,NaN
Football,151,pred,0.6111,NaN,NaN,4.2641,-0.0000,0.2928,NaN
Football,166,pred,0.7758,NaN,NaN,4.2142,-0.0000,0.2846,NaN
Football,181,pred,0.7064,NaN,NaN,4.2259,-0.0000,0.3029,NaN
Football,196,pred,0.7897,NaN,NaN,4.0350,-0.0000,0.2867,NaN
Football,211,pred,0.6619,NaN,NaN,3.8697,-0.0000,0.2485,NaN
Football,226,pred,0.5830,NaN,NaN,4.2102,-0.0000,0.2955,NaN
Football,241,pred,0.7434,NaN,NaN,4.1063,-0.0000,0.2950,NaN
Football,256,pred,0.6016,NaN,NaN,4.0163,-0.0000,0.2617,NaN
Football,271,pred,0.6239,NaN,NaN,4.1077,-0.0000,0.2632,NaN
Football,286,pred,0.3848,NaN,NaN,4.3227,-0.0000,0.2303,NaN
Football,301,pred,0.5920,NaN,NaN,4.1075,-0.0000,0.2308,NaN
Football,316,pred,0.4839,NaN,NaN,4.0112,-0.0000,0.2256,NaN
Football,331,pred,0.3997,NaN,NaN,4.0196,-0.0000,0.2270,NaN
Football,346,pred,0.5455,NaN,NaN,4.0219,-0.0000,0.2421,NaN
Football,361,pred,0.5027,NaN,NaN,4.2289,-0.0000,0.2283,NaN
Freeman4,1,gt,1.0000,NaN,NaN,4.4912,-0.0000,0.3167,NaN
Freeman4,16,pred,0.9333,NaN,NaN,4.3949,-0.0000,0.3667,NaN
Freeman4,31,pred,0.7500,NaN,NaN,4.3779,-0.0000,0.3542,NaN
Freeman4,76,pred,0.0000,NaN,NaN,4.5924,-0.0000,0.2670,NaN
Freeman4,91,pred,0.0000,NaN,NaN,4.3797,-0.0000,0.2278,NaN
Freeman4,106,pred,0.0000,NaN,NaN,4.2739,-0.0000,0.2556,NaN
Freeman4,121,pred,0.0000,NaN,NaN,4.3135,-0.0000,0.2167,NaN
Freeman4,136,pred,0.0000,NaN,NaN,4.4008,-0.0000,0.2400,NaN
Freeman4,151,pred,0.0000,NaN,NaN,4.4280,-0.0000,0.2333,NaN
Freeman4,166,pred,0.0000,NaN,NaN,4.5113,-0.0000,0.2583,NaN
Freeman4,181,pred,0.0000,NaN,NaN,4.5733,-0.0000,0.2333,NaN
Freeman4,196,pred,0.0000,NaN,NaN,4.4377,-0.0000,0.1917,NaN
Freeman4,211,pred,0.0000,NaN,NaN,4.5147,-0.0000,0.2625,NaN
Freeman4,226,pred,0.0000,NaN,NaN,4.5781,-0.0000,0.2889,NaN
Freeman4,241,pred,0.0000,NaN,NaN,4.6062,-0.0000,0.2619,NaN
Freeman4,256,pred,0.0000,NaN,NaN,4.5418,-0.0000,0.2476,NaN
Freeman4,271,pred,0.0000,NaN,NaN,4.5813,-0.0000,0.2444,NaN
Girl,1,gt,1.0000,NaN,NaN,3.6347,4.4715,0.2695,NaN
Girl,16,pred,0.8197,NaN,NaN,4.2337,4.4164,0.1625,NaN
Girl,31,pred,0.7743,14.5034,1.0219,3.9439,4.7307,0.2541,0.5956
Girl,46,pred,0.7575,NaN,NaN,3.7086,4.3653,0.2633,NaN
Girl,61,pred,0.4040,16.3592,0.9986,3.8804,5.3964,0.1976,0.7970
Girl,76,pred,0.5455,NaN,NaN,3.7142,5.4121,0.2205,NaN
Girl,91,pred,0.6502,NaN,NaN,3.1975,5.2611,0.0917,NaN
Girl,106,pred,0.5537,NaN,NaN,2.4938,4.0230,0.0903,NaN
Girl,121,pred,0.7063,NaN,NaN,3.3790,5.5356,0.1624,NaN
Girl,136,pred,0.7923,NaN,NaN,3.0570,5.2544,0.1158,NaN
Girl,151,pred,0.6787,NaN,NaN,3.3906,5.5207,0.1841,NaN
Girl,166,pred,0.5349,15.9589,1.0218,3.8487,5.2317,0.2217,0.7614
Girl,181,pred,0.7865,NaN,NaN,2.3697,5.1490,0.0881,NaN
Girl,196,pred,0.5881,NaN,NaN,1.8577,4.2014,0.0445,NaN
Girl,211,pred,0.5520,NaN,NaN,2.3974,3.9052,0.0370,NaN
Girl,226,pred,0.5333,NaN,NaN,2.1960,3.7167,0.0330,NaN
Girl,241,pred,0.7250,NaN,NaN,1.7539,4.7107,0.0591,NaN
Girl,256,pred,0.6204,NaN,NaN,3.4293,5.3524,0.1962,NaN
Girl,271,pred,0.7108,NaN,NaN,3.3240,4.7182,0.1905,NaN
Girl,286,pred,0.8371,NaN,NaN,3.4920,4.8426,0.1905,NaN
Girl,301,pred,0.7837,NaN,NaN,4.2440,4.4152,0.2200,NaN
Girl,316,pred,0.7880,NaN,NaN,3.9849,4.6044,0.2274,NaN
Girl,331,pred,0.8074,NaN,NaN,3.5238,5.1575,0.1502,NaN
Girl,346,pred,0.7327,NaN,NaN,3.5692,4.4757,0.2062,NaN
Girl,361,pred,0.5820,NaN,NaN,3.8606,4.5527,0.1953,NaN
Girl,376,pred,0.8012,NaN,NaN,3.6100,4.6793,0.1969,NaN
Girl,391,pred,0.7963,NaN,NaN,3.7079,4.5886,0.2186,NaN
Girl,406,pred,0.7898,NaN,NaN,3.7857,4.6419,0.2118,NaN
Girl,421,pred,0.7091,NaN,NaN,3.8690,4.8102,0.2348,NaN
Girl,436,pred,0.1890,NaN,NaN,3.7097,3.7494,0.1691,NaN
Girl,451,pred,0.0422,NaN,NaN,4.3096,2.7988,0.2021,NaN
Girl,466,pred,0.0000,NaN,NaN,3.8620,3.7712,0.1757,NaN
Girl,481,pred,0.0000,NaN,NaN,3.2435,2.9486,0.0932,NaN
Girl,496,pred,0.0000,NaN,NaN,3.9565,4.0994,0.2002,NaN
Human6,1,gt,1.0000,28.0758,0.9528,4.1326,4.4247,0.1990,0.7776
Human6,16,pred,0.8644,NaN,NaN,4.3167,4.2295,0.1899,NaN
Human6,31,pred,0.8644,NaN,NaN,4.3938,4.1605,0.1808,NaN
Human6,46,pred,0.6176,NaN,NaN,4.2644,4.3096,0.1879,NaN
Human6,61,pred,0.8947,NaN,NaN,4.2941,4.2378,0.1848,NaN
Human6,76,pred,1.0000,NaN,NaN,4.2663,4.3167,0.1869,NaN
Human6,91,pred,0.8350,17.8860,1.0405,4.2060,4.4407,0.1909,0.7181
Human6,106,pred,0.8947,19.4676,0.9980,4.2972,4.3941,0.1919,0.6485
Human6,121,pred,1.0000,NaN,NaN,4.4180,4.2167,0.1838,NaN
Human6,136,pred,0.8947,NaN,NaN,4.2099,4.3877,0.1657,NaN
Human6,151,pred,0.8947,NaN,NaN,4.2604,4.1643,0.1818,NaN
Human6,166,pred,0.8356,NaN,NaN,4.4006,3.8984,0.1909,NaN
Human6,181,pred,0.4676,16.0997,1.0392,4.2932,3.9214,0.1687,0.6443
Human6,196,pred,0.3448,NaN,NaN,4.1579,3.8541,0.1202,NaN
Human6,211,pred,0.2208,NaN,NaN,4.0933,4.0157,0.0838,NaN
Human6,226,pred,0.1718,NaN,NaN,4.0960,3.9983,0.0636,NaN
Human6,241,pred,0.1054,NaN,NaN,3.8755,3.6552,0.0828,NaN
Human6,256,pred,0.0868,NaN,NaN,3.9219,3.1548,0.0455,NaN
Human6,271,pred,0.0868,NaN,NaN,4.2021,3.3835,0.0798,NaN
Human6,286,pred,0.0868,NaN,NaN,4.0035,3.2986,0.0586,NaN
Human6,301,pred,0.0764,NaN,NaN,4.2808,3.9528,0.0576,NaN
Human6,316,pred,0.0868,NaN,NaN,4.3160,3.8479,0.0707,NaN
Human6,331,pred,0.0868,NaN,NaN,4.4167,4.1801,0.0535,NaN
Human6,346,pred,0.0868,NaN,NaN,4.5186,3.6614,0.0475,NaN
Human6,361,pred,0.0868,NaN,NaN,4.1197,4.3207,0.0646,NaN
Human6,376,pred,0.0711,NaN,NaN,4.3822,2.4774,0.0000,NaN
Human6,391,pred,0.0929,NaN,NaN,4.5687,3.9122,0.0838,NaN
Human6,406,pred,0.0998,NaN,NaN,3.9742,4.2165,0.0657,NaN
Human6,421,pred,0.0970,NaN,NaN,4.2028,4.0052,0.0768,NaN
Human6,436,pred,0.0304,NaN,NaN,4.4690,4.5783,0.0980,NaN
Human6,451,pred,0.0000,NaN,NaN,4.6036,3.8502,0.0616,NaN
Human6,481,pred,0.0000,164.0930,NaN,3.4918,3.4797,0.0556,0.6743
Human6,496,pred,0.0000,NaN,NaN,4.0860,3.8111,0.0000,NaN
Human6,511,pred,0.0000,NaN,NaN,4.0132,4.3418,0.0000,NaN
Human6,526,pred,0.0000,NaN,NaN,3.9773,3.8998,0.0000,NaN
Human6,541,pred,0.0000,NaN,NaN,4.2873,5.0524,0.0000,NaN
Human6,676,pred,0.0000,NaN,NaN,3.7430,2.9544,0.0645,NaN
Human6,691,pred,0.0000,NaN,NaN,4.2009,2.5565,0.0952,NaN
Human6,706,pred,0.0000,NaN,NaN,3.9726,2.9084,0.0404,NaN
Human6,721,pred,0.0000,NaN,NaN,4.2219,3.8514,0.1065,NaN
Human6,736,pred,0.0000,NaN,NaN,4.4299,3.0282,0.0645,NaN
Human6,751,pred,0.0000,NaN,NaN,3.6455,3.3604,0.0408,NaN
Human6,766,pred,0.0000,56.2500,NaN,3.7590,3.1559,0.0526,NaN
Human6,781,pred,0.0000,NaN,NaN,3.4022,2.9249,0.0364,NaN
Ironman,1,gt,1.0000,12.4164,1.1901,3.8343,5.6716,0.0548,NaN
Ironman,16,pred,0.6842,16.9060,1.0943,3.1702,4.1418,0.1278,NaN
Ironman,31,pred,0.0000,15.0558,1.0858,2.4758,6.1957,0.0873,0.7049
Ironman,46,pred,0.0000,74.4769,1.0677,3.7983,4.0258,0.0323,NaN
Ironman,106,pred,0.0000,8.4926,2.2857,3.3252,3.4754,0.0143,NaN
Ironman,121,pred,0.0000,14.3499,1.3220,3.3984,3.8075,0.0000,NaN
Ironman,136,pred,0.0000,2.6900,7.8000,2.9533,5.7227,0.0953,NaN
Ironman,151,pred,0.0000,NaN,NaN,1.3532,2.2534,0.0238,NaN
Jump,1,gt,1.0000,NaN,NaN,3.4381,5.7395,0.1087,NaN
Jump,16,pred,0.0000,66.8783,0.7974,3.0561,5.8360,0.0874,0.8517
Jump,31,pred,0.0000,5.2632,4.7500,3.2015,5.9257,0.1187,NaN
Jump,46,pred,0.0000,4.5000,NaN,3.1793,5.7961,0.1294,NaN
Jump,61,pred,0.0000,3.7824,4.4286,3.2367,5.5897,0.1278,NaN
Jump,76,pred,0.0000,5.7951,3.1538,3.2965,5.8066,0.0937,NaN
Jump,91,pred,0.0000,8.7654,5.3750,2.9305,6.1845,0.0926,NaN
Jump,106,pred,0.0000,3.1304,9.2000,2.8965,6.3415,0.1238,NaN
Jump,121,pred,0.0000,8.3927,1.9592,2.5007,5.9707,0.0836,NaN
Jumping,1,gt,1.0000,NaN,NaN,4.3372,-0.0000,0.2843,NaN
Jumping,16,pred,0.8423,NaN,NaN,4.1038,-0.0000,0.3311,NaN
Jumping,31,pred,0.8807,NaN,NaN,4.1022,-0.0000,0.3376,NaN
Jumping,46,pred,0.8270,NaN,NaN,4.4246,-0.0000,0.3183,NaN
Jumping,61,pred,0.8874,NaN,NaN,4.1741,-0.0000,0.3163,NaN
Jumping,76,pred,0.6931,NaN,NaN,4.2377,-0.0000,0.3116,NaN
Jumping,91,pred,0.6313,NaN,NaN,4.4032,-0.0000,0.3095,NaN
Jumping,106,pred,0.8627,NaN,NaN,4.0688,-0.0000,0.2898,NaN
Jumping,121,pred,0.7055,NaN,NaN,4.3863,-0.0000,0.3165,NaN
Jumping,136,pred,0.6875,NaN,NaN,4.4995,-0.0000,0.3417,NaN
Jumping,151,pred,0.6204,NaN,NaN,4.3165,-0.0000,0.3236,NaN
Jumping,166,pred,0.7318,NaN,NaN,4.5259,-0.0000,0.2708,NaN
Jumping,181,pred,0.6561,NaN,NaN,4.2409,-0.0000,0.3059,NaN
Jumping,196,pred,0.6206,NaN,NaN,4.3534,-0.0000,0.2765,NaN
Jumping,211,pred,0.7318,NaN,NaN,4.4002,-0.0000,0.2907,NaN
Jumping,226,pred,0.7632,NaN,NaN,4.1033,-0.0000,0.2718,NaN
Jumping,241,pred,0.7234,NaN,NaN,4.0654,-0.0000,0.3059,NaN
Jumping,256,pred,0.7318,NaN,NaN,4.1083,-0.0000,0.3201,NaN
Jumping,271,pred,0.5812,NaN,NaN,4.4100,-0.0000,0.3210,NaN
Jumping,286,pred,0.6904,NaN,NaN,4.3371,-0.0000,0.3258,NaN
Jumping,301,pred,0.5405,NaN,NaN,4.5658,-0.0000,0.2917,NaN
Liquor,1,gt,1.0000,20.7870,0.9649,3.8521,5.9571,0.1789,0.7544
Liquor,16,pred,0.9811,20.6897,0.9694,3.8224,6.3300,0.1768,0.7205
Liquor,31,pred,0.9811,20.4469,0.9779,3.7662,6.3876,0.1775,0.7332
Liquor,46,pred,0.9811,20.9924,0.9732,3.7671,6.3494,0.1760,0.7167
Liquor,61,pred,0.9811,21.4689,0.9682,3.7588,6.2825,0.1760,0.7062
Liquor,76,pred,0.9905,17.7279,0.9943,3.7014,6.2211,0.1750,0.7087
Liquor,91,pred,0.9905,20.4867,0.9697,3.6687,6.1465,0.1781,0.7106
Liquor,106,pred,0.9811,20.2998,0.9744,3.7079,6.1721,0.1772,0.7212
Liquor,121,pred,0.9549,20.5464,0.9716,3.7897,6.2859,0.1736,0.7296
Liquor,136,pred,0.9905,20.1367,0.9743,3.7466,6.1416,0.1812,0.6785
Liquor,151,pred,0.9905,20.6142,0.9717,3.7436,6.2231,0.1815,0.7169
Liquor,166,pred,0.9639,20.7273,0.9702,3.7436,6.2590,0.1810,0.7434
Liquor,181,pred,0.9905,21.0538,0.9718,3.7027,6.0590,0.1757,0.7054
Liquor,196,pred,0.9549,20.4470,0.9694,3.7315,6.0424,0.1774,0.6791
Liquor,211,pred,0.9549,21.1897,0.9612,3.7546,6.1594,0.1719,0.7413
Liquor,226,pred,0.9549,21.1964,0.9588,3.5089,6.1999,0.1693,0.7063
Liquor,241,pred,0.9549,16.4568,1.0045,3.4693,6.1731,0.1760,0.6711
Liquor,256,pred,0.9549,20.8929,0.9714,3.5122,6.2968,0.1843,0.7061
Liquor,271,pred,0.9549,17.5205,0.9943,3.5756,6.3081,0.1881,0.6786
Liquor,286,pred,0.9549,21.2383,0.9729,3.9156,6.5097,0.1842,0.7112
Liquor,301,pred,0.9207,20.3538,0.9762,3.8243,6.4008,0.1706,0.7310
Liquor,316,pred,0.9160,20.5751,0.9925,3.7778,6.4502,0.1680,0.7348
Liquor,331,pred,0.8479,17.6327,0.9671,3.6412,6.3714,0.1632,0.6309
Liquor,346,pred,0.7664,7.0382,3.0074,3.2501,6.6176,0.1625,NaN
Liquor,361,pred,0.8474,10.0000,2.5000,3.5469,6.6082,0.1558,NaN
Liquor,376,pred,0.8341,18.6222,0.9195,3.6013,6.2101,0.1533,0.7374
Liquor,391,pred,0.3631,NaN,NaN,3.5869,6.0856,0.1391,NaN
Liquor,406,pred,0.7221,11.1165,1.9868,3.5129,6.1336,0.1101,NaN
Liquor,421,pred,0.8312,18.5590,0.9735,3.3462,6.1281,0.1128,0.5398
Liquor,436,pred,0.7434,19.6667,0.9622,3.4512,6.2405,0.1337,0.6717
Liquor,451,pred,0.8831,20.3657,0.9864,3.7428,6.3440,0.1605,0.7286
Liquor,466,pred,0.8974,19.8603,0.9669,3.8728,6.5348,0.1824,0.6298
Liquor,481,pred,0.8974,17.5427,1.0013,3.7980,6.4879,0.1866,0.6459
Liquor,496,pred,0.8974,17.5805,0.9959,3.8474,6.3474,0.1867,0.6541
Liquor,511,pred,0.8974,17.0862,1.0048,3.7636,6.1591,0.1818,0.5860
Liquor,526,pred,0.8750,19.7869,0.9889,3.7014,6.2917,0.1748,0.6904
Liquor,541,pred,0.8730,19.8671,0.9872,3.7254,6.1887,0.1801,0.5275
Liquor,556,pred,0.8730,20.5655,0.9887,3.7258,6.2765,0.1842,0.6071
Liquor,571,pred,0.8730,17.3142,1.0035,3.7308,6.3959,0.1888,0.6136
Liquor,586,pred,0.8974,20.0361,0.9873,3.7077,6.3543,0.1857,0.6056
Liquor,601,pred,0.8974,17.5272,0.9999,3.8703,6.2174,0.1870,0.6176
Liquor,616,pred,0.8750,20.4705,0.9867,3.7403,6.0991,0.1685,0.7128
Liquor,631,pred,0.8730,17.2780,1.0033,3.8434,6.4267,0.1835,0.6786
Liquor,646,pred,0.8730,21.0573,0.9867,3.7197,6.3393,0.1843,0.6436
Liquor,661,pred,0.8730,17.6173,0.9995,3.7759,6.2471,0.1865,0.6681
Liquor,676,pred,0.8750,17.4195,1.0027,3.6531,6.3128,0.1777,0.6270
Liquor,691,pred,0.8730,17.1835,1.0091,3.6871,6.2988,0.1861,0.6602
Liquor,706,pred,0.8730,17.1844,1.0048,3.6756,6.3852,0.1867,0.6088
Liquor,721,pred,0.8516,17.5583,1.0048,3.6497,6.3404,0.1777,0.6752
Liquor,736,pred,0.8213,16.5656,1.0111,3.6239,6.1731,0.1756,0.5742
Liquor,751,pred,0.8670,17.1287,1.0000,3.7869,6.3152,0.1765,0.6323
Liquor,766,pred,0.8439,20.0184,0.9835,3.5623,6.2485,0.1671,0.5829
Liquor,781,pred,0.8750,17.3947,1.0027,3.6485,6.3067,0.1757,0.6319
Liquor,796,pred,0.8565,19.2565,0.9890,3.6644,6.4396,0.1684,0.6470
Liquor,811,pred,0.8565,19.5745,0.9896,3.6195,6.3113,0.1689,0.5996
Liquor,826,pred,0.8565,16.6445,1.0053,3.6455,6.4286,0.1754,0.5897
Liquor,841,pred,0.8439,17.7273,1.0063,3.6089,6.4096,0.1751,0.6402
Liquor,856,pred,0.8337,20.0761,0.9900,3.6515,6.3578,0.1523,0.7179
Liquor,871,pred,0.7135,33.1008,1.3391,2.8656,6.0505,0.0914,NaN
Liquor,886,pred,0.8328,21.2347,1.4091,3.4343,6.1501,0.1842,NaN
Liquor,901,pred,0.8768,20.2283,0.9669,3.4372,6.3756,0.1794,0.7795
Liquor,916,pred,0.7837,19.6541,1.2464,3.7996,6.2709,0.1702,NaN
Liquor,931,pred,0.8045,16.0220,0.9808,3.7788,6.2549,0.1689,0.7936
Liquor,946,pred,0.7837,10.2855,1.7778,3.7450,6.3271,0.1670,NaN
Liquor,961,pred,0.7837,6.1713,2.7143,3.8730,6.2087,0.1693,NaN
Liquor,976,pred,0.8045,15.8350,0.9893,3.7998,6.3393,0.1705,0.8176
Liquor,991,pred,0.8045,23.8749,0.9386,3.8277,6.2351,0.1730,0.5770
Liquor,1006,pred,0.8045,21.4026,0.9619,3.6474,6.1777,0.1476,0.7175
Liquor,1021,pred,0.8045,15.8852,0.9905,3.6767,5.9349,0.1528,0.8249
Liquor,1036,pred,0.8045,17.4036,0.9505,3.7444,5.9908,0.1599,0.8332
Liquor,1051,pred,0.8045,22.9754,0.9712,3.7332,5.8818,0.1629,0.6136
Liquor,1066,pred,0.8045,24.3888,0.9270,3.7106,6.1021,0.1641,0.6140
Liquor,1081,pred,0.7976,21.5222,0.9553,3.5915,5.7765,0.1433,0.6101
Liquor,1096,pred,0.6681,18.0315,0.9902,2.3580,5.9034,0.0298,0.7549
Liquor,1111,pred,0.5782,20.8079,0.9458,3.1044,5.9377,0.1178,0.6022
Liquor,1126,pred,0.6081,19.5067,0.9829,3.3668,5.8123,0.1400,0.5781
Liquor,1141,pred,0.6356,16.1019,1.0171,3.4318,6.1545,0.1432,0.6195
Liquor,1156,pred,0.6233,20.3252,0.9731,3.3341,6.0240,0.1396,0.6294
Liquor,1171,pred,0.6081,20.5727,0.9742,3.3413,5.9717,0.1467,0.6302
Liquor,1186,pred,0.5932,18.5613,0.9568,3.1484,6.1779,0.1128,0.8473
Liquor,1201,pred,0.6377,17.1683,0.9875,3.4628,6.1043,0.1598,0.6151
Liquor,1216,pred,0.6081,19.4015,0.9854,3.5225,6.0748,0.1553,0.6661
Liquor,1231,pred,0.6356,16.8637,0.9924,3.5775,6.1543,0.1670,0.6042
Liquor,1246,pred,0.6197,21.3202,0.9571,3.4207,6.1596,0.1568,0.6687
Liquor,1261,pred,0.6197,20.1951,0.9761,3.4296,6.1230,0.1539,0.6823
Liquor,1276,pred,0.6197,19.1351,0.9684,3.4280,6.2084,0.1577,0.6291
Liquor,1291,pred,0.6215,17.6523,0.9659,3.4915,6.0495,0.1574,0.7748
Liquor,1306,pred,0.6197,21.4145,0.9660,3.5319,6.2673,0.1648,0.7286
Liquor,1321,pred,0.6517,17.3897,0.9654,3.2239,5.8016,0.1066,0.7937
Liquor,1336,pred,0.6042,21.2252,0.9702,3.4635,6.1230,0.1541,0.7478
Liquor,1351,pred,0.6356,20.0709,0.9764,3.2066,6.1588,0.1312,0.6302
Liquor,1366,pred,0.6057,22.0900,0.9568,3.3699,6.2174,0.1501,0.7256
Liquor,1381,pred,0.6042,16.3420,1.0032,3.1622,6.1921,0.1287,0.7868
Liquor,1396,pred,0.5892,22.9542,0.9497,3.2154,6.2781,0.1056,0.7666
Liquor,1411,pred,0.4550,21.2372,0.9440,2.1992,6.0062,0.0565,0.9003
Liquor,1426,pred,0.4174,21.6992,0.9588,2.6416,5.7691,0.0592,0.6656
Liquor,1441,pred,0.4343,19.5379,1.0048,2.4839,6.0657,0.0663,0.7301
Liquor,1456,pred,0.3857,11.0201,1.5438,2.3473,6.0352,0.0628,0.7394
Liquor,1471,pred,0.3621,22.0972,0.9524,2.5824,5.8727,0.0779,0.7131
Liquor,1486,pred,0.3145,25.4567,0.8499,2.7805,5.9687,0.0906,0.6523
Liquor,1501,pred,0.2955,28.1366,0.9043,2.8244,5.8835,0.0924,0.5870
Liquor,1516,pred,0.2955,20.7810,0.9374,2.4782,5.7967,0.0492,0.7124
Liquor,1531,pred,0.2955,18.2745,0.9825,2.7891,5.5777,0.0915,0.6845
Liquor,1546,pred,0.3179,19.2372,0.9130,2.4684,5.9157,0.0685,0.6617
Liquor,1561,pred,0.3868,14.9174,1.0592,2.4532,5.9940,0.0460,0.7178
Liquor,1576,pred,0.3062,24.2087,0.9044,3.1852,6.1083,0.1315,0.5880
Liquor,1591,pred,0.3162,17.9879,0.9605,3.4245,6.2912,0.1603,0.6449
Liquor,1606,pred,0.3095,12.8024,1.1756,3.1827,6.2276,0.1291,NaN
Liquor,1621,pred,0.3162,26.1671,0.9323,3.1769,5.9223,0.1440,0.5609
Liquor,1636,pred,0.3162,29.5528,0.9133,2.6374,5.6377,0.1083,0.6537
Liquor,1651,pred,0.3162,28.9038,0.8707,2.6217,5.5772,0.1066,0.7146
Liquor,1666,pred,0.3162,18.1679,0.9890,2.7961,5.6830,0.0957,0.7334
Liquor,1681,pred,0.3039,29.4462,0.8445,3.1231,5.8806,0.1235,0.5630
Liquor,1696,pred,0.3039,25.8646,0.8979,3.2754,5.6824,0.1358,0.5768
Liquor,1711,pred,0.2975,24.8108,0.8552,3.2843,5.6808,0.1368,0.5533
Liquor,1726,pred,0.3039,24.2545,0.8529,3.2979,5.7596,0.1343,0.5519
Liquor,1741,pred,0.3039,26.7694,0.8872,3.2835,5.7979,0.1293,0.5823
Matrix,1,gt,1.0000,NaN,NaN,3.9367,5.7414,0.1617,NaN
Matrix,16,pred,0.0000,13.5882,1.8182,3.8169,3.5432,0.2861,NaN
Matrix,31,pred,0.0000,11.0856,2.7200,3.0889,2.7697,0.0250,NaN
Matrix,61,pred,0.0000,15.7059,2.3333,3.5328,3.9978,0.0338,NaN
Matrix,76,pred,0.0000,NaN,NaN,3.9293,4.2757,0.0221,NaN
Matrix,91,pred,0.0000,24.5000,NaN,3.8174,4.8202,0.0533,NaN
MotorRolling,1,gt,1.0000,NaN,NaN,3.3366,5.3648,0.1738,NaN
MotorRolling,16,pred,0.3267,29.5399,0.8640,2.7587,4.8988,0.1274,0.5272
MotorRolling,31,pred,0.0723,NaN,NaN,2.4070,4.5063,0.0940,NaN
MotorRolling,136,pred,0.0131,6.6232,2.4444,2.5841,4.3255,0.1020,NaN
MotorRolling,151,pred,0.0000,3.2475,4.8000,2.8232,4.3745,0.1312,NaN
Shaking,1,gt,1.0000,NaN,NaN,3.6706,4.1223,0.1563,NaN
Shaking,16,pred,0.6659,15.5514,1.0146,3.3003,3.3597,0.1475,0.9483
Shaking,31,pred,0.5974,53.9536,0.7143,3.0335,3.1663,0.1322,NaN
Shaking,46,pred,0.7349,20.1814,1.4667,2.8516,3.1946,0.1125,NaN
Shaking,61,pred,0.5734,18.6237,0.9822,2.5330,2.4966,0.0359,0.4954
Shaking,76,pred,0.3177,14.9430,1.1250,2.7372,3.6819,0.0814,0.9524
Shaking,91,pred,0.6390,18.3156,0.9487,2.5774,2.6264,0.0854,0.4449
Shaking,106,pred,0.6397,15.9603,1.3968,2.9383,3.1092,0.0885,NaN
Shaking,121,pred,0.7575,28.6621,0.9429,2.4706,3.3930,0.0757,NaN
Shaking,136,pred,0.6337,16.4994,0.9933,2.7073,3.1617,0.0668,0.4296
Shaking,151,pred,0.5287,26.0341,1.0737,2.2651,2.9950,0.0624,NaN
Shaking,166,pred,0.5570,23.2241,1.1212,2.6552,3.2784,0.0771,NaN
Shaking,181,pred,0.6476,NaN,NaN,2.8848,3.6728,0.0861,NaN
Shaking,196,pred,0.7156,20.6852,1.4713,2.7694,3.2717,0.0753,NaN
Shaking,211,pred,0.5697,28.5707,0.9874,2.9170,3.8781,0.1072,NaN
Shaking,226,pred,0.6399,18.8970,0.9392,2.7646,3.6982,0.0953,0.3026
Shaking,241,pred,0.7098,20.4775,0.9067,1.7653,3.4676,0.0578,0.6095
Shaking,256,pred,0.6655,20.4430,0.9132,2.2325,3.2881,0.0781,0.3809
Shaking,271,pred,0.7780,36.2063,0.9452,2.1707,3.1362,0.0671,0.9724
Shaking,286,pred,0.6963,21.1977,0.9400,1.9899,3.5398,0.0541,0.4857
Shaking,301,pred,0.5888,24.4189,0.8436,2.2563,2.9275,0.0674,0.5587
Shaking,316,pred,0.7153,26.3994,1.0031,2.3760,3.7165,0.0668,NaN
Shaking,331,pred,0.8197,24.3468,0.9318,2.5773,3.9045,0.0924,0.4995
Shaking,346,pred,0.7101,21.6379,1.0579,2.5729,3.6875,0.0835,NaN
Shaking,361,pred,0.0000,5.3298,11.0000,2.6143,3.6350,0.0271,NaN
Skiing,1,gt,1.0000,18.0116,1.0034,3.9136,4.1680,0.1844,0.9202
Skiing,16,pred,0.0000,NaN,NaN,4.1265,2.2899,0.1679,NaN
Skiing,31,pred,0.0000,NaN,NaN,4.3965,2.9449,0.1747,NaN
Skiing,46,pred,0.0000,NaN,NaN,4.6098,2.7739,0.2397,NaN
Skiing,61,pred,0.0000,NaN,NaN,3.3396,2.2334,0.0833,NaN
Skiing,76,pred,0.0000,NaN,NaN,3.2153,2.2892,0.0746,NaN
